TDSFU Daily run: Mon Oct 27 18:12:27 UTC 2025 TDSFU
TDSFU Daily run: Tue Oct 28 04:34:04 UTC 2025 TDSFU
TDSFU Daily run: Wed Oct 29 04:38:15 UTC 2025 TDSFU
TDSFU Daily run: Thu Oct 30 04:33:38 UTC 2025 TDSFU
TDSFU Daily run: Fri Oct 31 04:35:41 UTC 2025 TDSFU
TDSFU Daily run: Sat Nov  1 04:31:51 UTC 2025 TDSFU
TDSFU Daily run: Sun Nov  2 04:33:37 UTC 2025 TDSFU
TDSFU Daily run: Mon Nov  3 04:39:19 UTC 2025 TDSFU
TDSFU Daily run: Tue Nov  4 04:34:06 UTC 2025 TDSFU
TDSFU Daily run: Wed Nov  5 04:34:25 UTC 2025 TDSFU
TDSFU Daily run: Thu Nov  6 04:38:27 UTC 2025 TDSFU
TDSFU Daily run: Fri Nov  7 04:44:09 UTC 2025 TDSFU
TDSFU Daily run: Sat Nov  8 04:32:41 UTC 2025 TDSFU
TDSFU Daily run: Sun Nov  9 04:33:24 UTC 2025 TDSFU
TDSFU Daily run: Mon Nov 10 04:37:59 UTC 2025 TDSFU
